{
  "metrics": {
    "privacy_protection": {
      "bleu": 0.20531350486994346,
      "rouge": 0.4422726013848384
    },
    "utility_preservation": {
      "bleu": 0.06330013956436141,
      "rouge": 0.28211830181216363
    }
  },
  "model_path": "/home/hice1/pli319/scratch/CSE8803/checkpoints/20241115_215854/best_model.pt",
  "timestamp": "20241124_162745"
}