{
  "metrics": {
    "privacy_protection": {
      "bleu": 0.10034108185140087,
      "rouge": 0.2862294622484735
    },
    "utility_preservation": {
      "bleu": 0.04083615170931901,
      "rouge": 0.27133574552408285
    }
  },
  "model_path": "/home/hice1/pli319/scratch/CSE8803/checkpoints/20241115_215854/best_model.pt",
  "timestamp": "20241124_161718"
}